{"e317581c-3dc4-4c09-bcf3-b7b451f06a44": 0.04343522267087789, "e8a24e48-3a00-4379-9a9e-3657c6158bcd": 0.03758787285507056, "c1a43660-8f5a-4a3f-af9d-1c62a6548fce": 0.03995579148900403, "386130b1-65f9-4a5d-a55d-301f46e94862": 0.043039851831634314, "513f806d-a3c2-4ad4-be26-08a3fff9da38": 0.039963633181919235, "ecf80a82-5de5-443d-97f5-7f8c2da39175": 0.044650250232066514, "1f4ae5a1-4529-4dda-897c-8d0c8db6b525": 0.03398228525748387, "b7dd2329-4182-4aa7-8c1f-2b1fcf8de23f": 0.04455115712071349, "80395e52-9f3f-4629-aeb1-2aac6ee71e44": 0.0399021598134217, "ede3e54a-5637-48bf-81ae-2fff83b759e8": 0.038175850527768625, "02c34578-2825-4d66-b1b9-00504f3751bf": 0.04180281477527859, "96705dfb-adff-4f70-8619-3c6e157eb8bd": 0.0452957892439058, "6fdbe726-8ca8-41c3-bef7-74f55be9ba5b": 0.039525027846205464, "5847bcc9-91c3-453f-8f68-c10a46f1bff3": 0.0422301772502653, "abd721a7-5b50-4ef8-b6df-b4e09937d043": 0.04685083041062354, "2c14c9c5-f80c-48c3-b676-116f49e0c49a": 0.040002203128300974, "2d781ab2-3256-4f29-a672-b7f922537b72": 0.036717499344332535, "45c0200b-6218-4a96-bdcc-8451bc91afd2": 0.037812270213078196, "02815d02-1021-4b95-9c04-ee4a9fd89ee2": 0.04541433550594892, "15518a3f-7a8e-4919-ae8f-88e1e0aecde6": 0.033002877445036556, "50c997e5-eb4e-4444-932e-d22066a15b49": 0.046544041180798294, "4b628c9a-b3ea-49b5-bb6d-0517609400b4": 0.038190424405101994, "5f68e77a-d183-4e26-ab1d-6d52f75af417": 0.037298551516201255, "033e25e0-8314-40fa-808e-d4ce9e203ae6": 0.03323198314779518}