{"650c63a8-059c-4d72-aae2-5f89ba7bd458": 0.026503245507468326, "4037ef09-b2c7-483b-b1c4-ba408c47eb21": 0.022992635067699767, "3a674ca3-5770-44d7-942d-4032917ae146": 0.02308230859631093, "03a66343-180a-49b4-adc4-9d832afe9e72": 0.0243201718340504, "245fc456-0622-4e5d-9ec7-0fd7ff5dd86c": 0.02499660899970393, "5c6ea9b1-f76a-4cb3-9d54-5eb7ede6aed7": 0.026683291596879186, "ba8be11d-a67b-4ee6-a6cc-9ee7d617df50": 0.023902237182546023, "3843fd94-73e1-4b41-89b8-a246aa44b8be": 0.021138910784592176, "7db5ce03-f95b-4f42-a62a-6d1e5c51ea17": 0.024761019541518593, "4a990396-5efa-4137-b6bd-cf4fcaa6e41d": 0.02930053585445216, "daca9f91-029c-41a8-b7a9-fe0c0d672fe1": 0.022948852373551855, "ce8d9905-656f-4660-a4ce-df1416156d3f": 0.022072194723195156, "f2185666-00e3-4a8f-9294-cf6432977db1": 0.026392095158556114, "eb161893-b1bf-4c99-a363-84ffd453bc60": 0.02992869189911078, "0969dec0-d546-4c65-a715-48a1bb09a383": 0.02727246565791266, "26474695-f968-44a3-a98b-efa836cc92b1": 0.024221212722813634, "82654f41-035b-4832-b7a7-9a1c7d4f8b7b": 0.02625786179724731, "2fd78dee-3825-460e-a733-31ec852ff510": 0.02024065142471464, "49154966-71e8-4ad6-a6e4-39531b3ee949": 0.025549956504422506, "42bab61d-da9c-41df-b618-183dad40ca4f": 0.023078131379350105, "d4371b2b-705c-4add-8f9e-b1a6b8bee7d1": 0.02249266224233372, "61d1572e-ecf5-4a56-bb50-80d058007a58": 0.02929495158960007, "1f761976-d14f-474d-8747-e27eee9b1655": 0.02661680241808664, "1463c186-0ede-4357-9313-2bca2f3ae00a": 0.025849251354831744, "c347faf5-e2f6-4fe4-9d41-9ef360298ad1": 0.029367983640163773, "adda825c-c106-4d48-9392-56e7f7a3d726": 0.028733769482270966, "22b54582-0af3-4ef2-a2d9-dc9489acf2ab": 0.024462347780190578, "f31a41b2-10b3-4081-9736-27db03b617fb": 0.02207508287593573, "51899c64-3e1e-4d22-98f4-ad98f5bdba71": 0.022034154476303105, "29d24b0f-fe2e-4b99-b1ee-080b1818a103": 0.018758634957077677, "e9608a55-9f18-440b-b40c-3ae40b1e0026": 0.018340473561365464, "9b82e448-2d2a-413b-b6bc-97c1d29892f1": 0.02325626674456838, "adbf2eb4-2765-468d-b877-d308fa7c4046": 0.02401254749704667, "5dc3f62f-5c41-4b82-b5d9-0eff21632fc8": 0.02432304231044889, "f1932966-7ca3-4bb3-909b-a5a86c714722": 0.027111380345414233, "68d3c242-252d-418a-91c1-c76377d45e68": 0.024612390282399216, "9c6ec412-b607-4fbc-bf9e-1e6756c1bd77": 0.03015113337924232, "bafa13a5-0d78-4339-9cfe-da2d0d628d0a": 0.03050612488989265, "0be048d4-3743-4b1f-bd30-763278869c84": 0.02635021546178815, "7a40d07e-65db-4d2a-974a-d868a734612a": 0.026007706104943646}