{"650c63a8-059c-4d72-aae2-5f89ba7bd458": 0.026503245507468326, "5c6ea9b1-f76a-4cb3-9d54-5eb7ede6aed7": 0.026683291596879186, "4a990396-5efa-4137-b6bd-cf4fcaa6e41d": 0.02930053585445216, "f2185666-00e3-4a8f-9294-cf6432977db1": 0.026392095158556114, "eb161893-b1bf-4c99-a363-84ffd453bc60": 0.02992869189911078, "0969dec0-d546-4c65-a715-48a1bb09a383": 0.02727246565791266, "82654f41-035b-4832-b7a7-9a1c7d4f8b7b": 0.02625786179724731, "49154966-71e8-4ad6-a6e4-39531b3ee949": 0.025549956504422506, "61d1572e-ecf5-4a56-bb50-80d058007a58": 0.02929495158960007, "1f761976-d14f-474d-8747-e27eee9b1655": 0.02661680241808664, "1463c186-0ede-4357-9313-2bca2f3ae00a": 0.025849251354831744, "c347faf5-e2f6-4fe4-9d41-9ef360298ad1": 0.029367983640163773, "adda825c-c106-4d48-9392-56e7f7a3d726": 0.028733769482270966, "f1932966-7ca3-4bb3-909b-a5a86c714722": 0.027111380345414233, "9c6ec412-b607-4fbc-bf9e-1e6756c1bd77": 0.03015113337924232, "bafa13a5-0d78-4339-9cfe-da2d0d628d0a": 0.03050612488989265, "0be048d4-3743-4b1f-bd30-763278869c84": 0.02635021546178815, "7a40d07e-65db-4d2a-974a-d868a734612a": 0.026007706104943646}