{"17c1f459-4e11-4b98-adba-8bb7e6aeb1ca": 0.042760025585147826, "baffa612-359a-40e9-a1e9-0ccdc1cadab4": 0.03236793383748806, "88204d99-3c69-4213-9566-7216afca0791": 0.034226479574833366, "66b3f271-60f7-426d-bc37-e79f83f71459": 0.030993601715255878, "910f00d9-a46b-4479-8733-90d1a48f4294": 0.03784293839612678, "adab07de-07b7-4dee-bfbe-fe04aacb535d": 0.03054013623272989, "d3e4634f-b3af-452f-955f-95d7821efa81": 0.03249977035411012, "687643d5-9d99-429b-b358-7a275fbffbf8": 0.030884771181508813, "a294145a-3500-48e4-a50c-2088010ef395": 0.039895343380701775, "176a0130-ad16-48cf-b655-f6e30dfeed96": 0.03021247594497475, "71cf39e4-3fc6-4331-9065-0efd8b4e2599": 0.033995416132276995, "7c7040fd-2ffa-4437-8ade-f94c526cc4f8": 0.02851536658106338, "143ca6fd-ae5b-4930-8728-a418b24f816a": 0.02765250490791777, "432d0494-568b-435e-a633-23abbfee4abd": 0.0261683199955278, "22042730-39fc-487d-965e-ace50fea0d5d": 0.02875626513412764, "78787d26-3b5d-4262-9da0-9f5714f792dd": 0.029880461870651118, "978f4c63-b125-49be-9939-675a37672adb": 0.03498746871463687, "1fcd5779-b80c-4959-9ad4-aa9e45e148a6": 0.02734676741907019, "4447a041-36d7-484f-837b-1cf8ffb43490": 0.03716768054394755, "1bddc5c0-146e-4232-ba25-9366ec237153": 0.03704631610688151, "7cd4bcdc-5185-4c71-a252-2ba0dfcad3b9": 0.038037052917227615, "a689d354-ba6c-4be4-bbfe-50e98e74b155": 0.03195774245807198, "bf698ac6-4e4d-48bd-a5fa-f61f5a62448d": 0.03207842488838746, "7cf75427-8c5b-4801-91f1-594e01d79863": 0.0426897311832094, "ad9ba4f2-7f7f-45b9-80ea-eacdecadbb9e": 0.03366576147136304, "d2253f76-8c85-43e9-aa2e-4148746f781b": 0.042021553009371326, "3ffb205a-1eee-40d7-8751-14d71df29417": 0.037950228579434156, "a963c2a2-a718-478f-a34c-0a50ab5dbc4a": 0.027297155637459974, "4e49d025-126a-4d5e-9b34-698deecf8a77": 0.02694057698730014, "f915861d-514e-4fef-a241-dab86c02a249": 0.033621729259196854}