{"c5b58f27-1a1a-4893-a876-0cf118f4bfc6": 0.09494667840663618, "9a9360f5-f5a9-4017-8000-1bac4fa7bab8": 0.08938197571058518, "cd555400-e2f9-4294-9d88-f8b447d43ed4": 0.08437086026578458, "32217cac-face-4186-a0ba-179bafa62c1d": 0.12260512804486243, "7d8c2443-72a9-4a78-84ec-b7b1060c4f2a": 0.08704245580088985, "e1ea32b4-00a5-4ea3-a344-f1afddcb5967": 0.0924179279888123, "b87c2719-3709-46d5-b5f4-e80ded292971": 0.10457682347469835, "e7e6e2f2-8613-46f7-a441-f6391351d77b": 0.09673286028937943, "27bbc370-6bf3-4130-a00a-30a72f2e02d0": 0.08722943311976346, "eb2a107b-fb7c-4f3b-b894-b11540e2c2fb": 0.11485590746346903, "3dd471ec-4d3c-48be-ab49-3185edc2a7cc": 0.02583994943511933}