{"c5b58f27-1a1a-4893-a876-0cf118f4bfc6": 0.09443643056801569, "9a9360f5-f5a9-4017-8000-1bac4fa7bab8": 0.06603311732805899, "cd555400-e2f9-4294-9d88-f8b447d43ed4": 0.10022560365926006, "32217cac-face-4186-a0ba-179bafa62c1d": 0.08968312829307794, "7d8c2443-72a9-4a78-84ec-b7b1060c4f2a": 0.08362671669868828, "e1ea32b4-00a5-4ea3-a344-f1afddcb5967": 0.08495972716063636, "b87c2719-3709-46d5-b5f4-e80ded292971": 0.07441725179445424, "e7e6e2f2-8613-46f7-a441-f6391351d77b": 0.07441725179445424, "27bbc370-6bf3-4130-a00a-30a72f2e02d0": 0.07441725179445424, "eb2a107b-fb7c-4f3b-b894-b11540e2c2fb": 0.10022560365926006, "3dd471ec-4d3c-48be-ab49-3185edc2a7cc": 0.08016769290328085, "5a144b2e-df5f-47d1-8564-95111b64e961": 0.07739022434635888}