{"e317581c-3dc4-4c09-bcf3-b7b451f06a44": 0.041202142065118935, "e8a24e48-3a00-4379-9a9e-3657c6158bcd": 0.05113858094659402, "c1a43660-8f5a-4a3f-af9d-1c62a6548fce": 0.05109724169985801, "386130b1-65f9-4a5d-a55d-301f46e94862": 0.03586821991397114, "513f806d-a3c2-4ad4-be26-08a3fff9da38": 0.04307601305416253, "ecf80a82-5de5-443d-97f5-7f8c2da39175": 0.059636262399948646, "1f4ae5a1-4529-4dda-897c-8d0c8db6b525": 0.059492645998994044, "b7dd2329-4182-4aa7-8c1f-2b1fcf8de23f": 0.0494957451118398, "80395e52-9f3f-4629-aeb1-2aac6ee71e44": 0.04754937142167846, "ede3e54a-5637-48bf-81ae-2fff83b759e8": 0.03453489069344421, "02c34578-2825-4d66-b1b9-00504f3751bf": 0.04199269055393013, "96705dfb-adff-4f70-8619-3c6e157eb8bd": 0.05805903474227573, "6fdbe726-8ca8-41c3-bef7-74f55be9ba5b": 0.05297147029097931, "5847bcc9-91c3-453f-8f68-c10a46f1bff3": 0.04672714359405258, "abd721a7-5b50-4ef8-b6df-b4e09937d043": 0.04233592413444297, "2c14c9c5-f80c-48c3-b676-116f49e0c49a": 0.03634659611744437, "2d781ab2-3256-4f29-a672-b7f922537b72": 0.0442036968145503, "45c0200b-6218-4a96-bdcc-8451bc91afd2": 0.05411387109571747, "02815d02-1021-4b95-9c04-ee4a9fd89ee2": 0.04929029597466335, "15518a3f-7a8e-4919-ae8f-88e1e0aecde6": 0.022974147492686267, "50c997e5-eb4e-4444-932e-d22066a15b49": 0.0482977431289038, "4b628c9a-b3ea-49b5-bb6d-0517609400b4": 0.029596272754744024}