{"753087a4-01cf-4d1b-a660-66896b98378a": 0.10680608260757876, "eecb174e-24e4-44b2-b84c-b3444d1e4b0b": 0.10680608260757876, "de46ea79-abe9-4966-8fcf-ab2473f5ee08": 0.10680608260757876, "30460f7c-5225-433d-beb9-1f0ded1652c9": 0.10680608260757876, "4b697617-fe0d-4b62-8717-0d2d70e94970": 0.09534249701499489, "434e47ab-b893-4de0-9e66-0f05fdc4b661": 0.08711492710136384, "0f29acbc-5642-4092-8dd7-4548d45da681": 0.09405202339789208, "bdd73f4f-1a19-4cb0-9144-fff410c5f4e0": 0.10566628595181717, "31ac64bf-d7f6-45fb-a215-7182fbfe5789": 0.09654791270572462, "31478182-3b89-44cd-a297-887cee2eb639": 0.09405202339789208}