{"c5b58f27-1a1a-4893-a876-0cf118f4bfc6": 0.06801492082044598, "9a9360f5-f5a9-4017-8000-1bac4fa7bab8": 0.06801492082044598, "cd555400-e2f9-4294-9d88-f8b447d43ed4": 0.06313727011418166, "32217cac-face-4186-a0ba-179bafa62c1d": 0.07500116743842983, "7d8c2443-72a9-4a78-84ec-b7b1060c4f2a": 0.06737219978814316, "e1ea32b4-00a5-4ea3-a344-f1afddcb5967": 0.06801492082044598, "b87c2719-3709-46d5-b5f4-e80ded292971": 0.05763834934758902, "e7e6e2f2-8613-46f7-a441-f6391351d77b": 0.06226156152736601, "27bbc370-6bf3-4130-a00a-30a72f2e02d0": 0.06801492082044597, "eb2a107b-fb7c-4f3b-b894-b11540e2c2fb": 0.07571000035998693, "3dd471ec-4d3c-48be-ab49-3185edc2a7cc": 0.04713150430190188, "5a144b2e-df5f-47d1-8564-95111b64e961": 0.0789761848804468, "c8ad3a7b-d103-4b60-8bfd-0e6ce3c3fb4a": 0.060867947039861925, "58f7adf6-49ec-4c6c-b2cc-5556b064894d": 0.0789761848804468, "fd8144c4-f9c0-4d73-949d-14e013511558": 0.060867947039861925}