{"75339806-9df1-4168-b723-7077fbf36509": 0.03622067067066219, "16bc1008-751a-4e69-ae71-3e0eb5786c38": 0.03724381602939893, "fcd8ae57-f0a1-4701-b69b-70529c678469": 0.03669463238068152, "ded7fa8d-b654-4ddc-b27a-4b681bebfd2b": 0.033754375989149876, "d3146be3-f16c-4cf0-9630-825f5cb2db41": 0.03189443952122889, "a5f1e4ab-f9c1-483a-b9e0-875dd340c87f": 0.03404384642958737, "f44f457b-75f3-44d0-af49-986499e9515a": 0.02455258905883857, "37e35a0c-7195-470a-b354-eaac1076c71d": 0.033604842602907234, "264f9e97-f160-4d41-a29d-79b8477e392e": 0.03312378376718604, "510295e8-cb57-4f61-a36e-793087b8569c": 0.04313413452969159, "9d6edb34-cc13-42cf-8f78-99a0ecac6b7d": 0.032222814489565293, "51227b3d-ae91-43d8-9c0b-a8d0edbb212a": 0.03525243382170712, "ded30d4c-3cd9-4afa-ba75-4f299c1a99aa": 0.03540036055820746, "ce836839-b011-4d6a-a7c7-ac3cdfa4cd9c": 0.032765769741900236, "1d5e27b8-4691-4590-89f6-ce644564d40f": 0.03643795422666239, "b4885253-9dfb-4f5f-80ea-8b8c3513398e": 0.0359096439344873, "7cb4901d-013d-4365-9e4b-777521a4dd71": 0.02627883355523895, "682fa04f-8a6d-46b5-a28f-d9417f85933c": 0.03728687392133703, "cbdce5ec-08f1-4ff2-9252-f91da6fbd250": 0.04064397347919174, "cd3557d2-ec09-463f-b185-4b74994962ae": 0.026853361153181692, "b48cbfaf-d21c-4697-96b9-517e2ca4a3ee": 0.027047894435793435, "ee65127e-c1f2-4ae4-a9d5-947ab1d580d2": 0.034087175252083934, "c695e780-d37f-4e75-9493-046599963c1e": 0.037203072604535786, "2d7ade65-293a-4e13-be89-e33a60255323": 0.029705265121242417, "9b9d047a-b64f-441f-870c-aae14512344c": 0.025940814038670306, "56110054-0398-49b7-a716-079ad640f8dd": 0.0324954432629964, "e1b6ede9-0942-421c-88c5-e20720ff1433": 0.04110651728993507, "03720a97-7085-41bd-9cd0-6426217ebdab": 0.032293994537392, "49d3ecf9-cd47-482a-89f6-998cab1a0447": 0.02773123256172805, "93aea358-c59c-4ece-9700-3c44c21fcaaa": 0.02906944103481128}