{"e317581c-3dc4-4c09-bcf3-b7b451f06a44": 0.04469394600730452, "e8a24e48-3a00-4379-9a9e-3657c6158bcd": 0.04520985817638018, "c1a43660-8f5a-4a3f-af9d-1c62a6548fce": 0.04068285714722349, "386130b1-65f9-4a5d-a55d-301f46e94862": 0.035480010781128606, "513f806d-a3c2-4ad4-be26-08a3fff9da38": 0.03526607018060826, "ecf80a82-5de5-443d-97f5-7f8c2da39175": 0.041937145986449174, "1f4ae5a1-4529-4dda-897c-8d0c8db6b525": 0.03836974474736033, "b7dd2329-4182-4aa7-8c1f-2b1fcf8de23f": 0.043266965154318146, "80395e52-9f3f-4629-aeb1-2aac6ee71e44": 0.04019140805899978, "ede3e54a-5637-48bf-81ae-2fff83b759e8": 0.038633582726860904, "02c34578-2825-4d66-b1b9-00504f3751bf": 0.042053815752387445, "96705dfb-adff-4f70-8619-3c6e157eb8bd": 0.04076516057904046, "6fdbe726-8ca8-41c3-bef7-74f55be9ba5b": 0.03779634238647952, "5847bcc9-91c3-453f-8f68-c10a46f1bff3": 0.03198484761944704, "abd721a7-5b50-4ef8-b6df-b4e09937d043": 0.0440784047801525, "2c14c9c5-f80c-48c3-b676-116f49e0c49a": 0.03475301457016632, "2d781ab2-3256-4f29-a672-b7f922537b72": 0.03551161645023445, "45c0200b-6218-4a96-bdcc-8451bc91afd2": 0.03917171090381022, "02815d02-1021-4b95-9c04-ee4a9fd89ee2": 0.046120795863176044, "15518a3f-7a8e-4919-ae8f-88e1e0aecde6": 0.038158665548046276, "50c997e5-eb4e-4444-932e-d22066a15b49": 0.042164783660479495, "4b628c9a-b3ea-49b5-bb6d-0517609400b4": 0.03700615342565069, "5f68e77a-d183-4e26-ab1d-6d52f75af417": 0.036896583940508945, "033e25e0-8314-40fa-808e-d4ce9e203ae6": 0.03700153787867262, "fa5a50b2-86b6-429c-a517-2e63f72fda20": 0.03381391450033918}