{"6a5bae3f-d2d3-4633-81ae-611f97e1632e": 0.06696019630492503, "76bb7256-d31d-43e8-986c-ea35c1d4d8d4": 0.06696019630492503, "7bcfd958-aeff-4729-b304-c753ed95de00": 0.06696019630492503, "45a70271-77ba-4a9d-b958-eebb5d52b4b3": 0.06696019630492503, "cbe0bbca-7466-42f8-9089-66a7dd26c0b8": 0.06696019630492503, "1218c0af-ffc8-45d3-9428-7f8a79a8afa7": 0.06666666666666665, "4483ebe1-8ba6-4125-9029-828ec647ad34": 0.06696019630492503, "2f8548fb-9ee0-4c7a-8fbf-c3472f8dae38": 0.06696019630492503, "3ff608f1-543d-4646-af6a-2a715fc866fa": 0.06285078136930793, "cd835e73-91b8-47ed-ac45-63766828bfd9": 0.06696019630492503, "a2a23030-9519-4e4b-8a7b-8ef6164fc85d": 0.06696019630492503, "9a26f640-a971-425f-84cd-1e20f1d13d90": 0.06696019630492503, "60fef0f2-1677-4eef-9881-e735d428e044": 0.06696019630492503, "16b8a97c-313b-412f-a2f7-df6d64d3b906": 0.06696019630492503, "1d37475d-f9b4-40ae-b041-2d32c397e0af": 0.06696019630492503}