{"753087a4-01cf-4d1b-a660-66896b98378a": 0.13800596534366671, "eecb174e-24e4-44b2-b84c-b3444d1e4b0b": 0.05262170023060271, "de46ea79-abe9-4966-8fcf-ab2473f5ee08": 0.10634434355009015, "30460f7c-5225-433d-beb9-1f0ded1652c9": 0.20586366157151942, "4b697617-fe0d-4b62-8717-0d2d70e94970": 0.043396364582789705, "434e47ab-b893-4de0-9e66-0f05fdc4b661": 0.08853736769255886, "0f29acbc-5642-4092-8dd7-4548d45da681": 0.08065733616167399, "bdd73f4f-1a19-4cb0-9144-fff410c5f4e0": 0.05262170023060271, "31ac64bf-d7f6-45fb-a215-7182fbfe5789": 0.10689019759247805, "31478182-3b89-44cd-a297-887cee2eb639": 0.12506136304401766}