{"959718ae-5d0b-4efd-b669-1c55687bdceb": 0.055173685940419506, "3140d70b-d849-40e1-a3cb-514400e2202d": 0.04872905381011588, "edecc82f-b96e-4c52-b7c8-d18943101330": 0.0695901854947095, "fd0528d4-b1cf-4240-8e62-abe65c4892b3": 0.042278412732868705, "513d8571-facf-4261-a77e-715843e7fc54": 0.05750641135315105, "264a464e-fe5e-4613-bb72-29eeb916dbb8": 0.043740706114976116, "3c382209-13de-4433-adf6-3e3b66fc9574": 0.054632237938643406, "a275e372-4426-4787-bef3-e4c2b1a1b046": 0.056279621931957236, "740c1c6c-7a65-4309-943b-22bb4fbf9ef0": 0.028983116215202234, "3e8da43a-1b78-4739-bade-9bcc27220c9d": 0.03722691827666232, "df2c4e27-075a-41c2-988f-803a91775b33": 0.05586053382793848, "96df7f47-cffb-435e-ba91-f1aefff21be9": 0.04567482555645586, "ae1041d5-aacf-409c-bc84-8d9cdf9a4d33": 0.04395794964786056, "51521774-1748-449b-847b-3f7b9fefa327": 0.049040021957977735, "85985dba-7902-47ed-89af-73733c3344ae": 0.04765199446889265, "188775ab-4c23-4329-9479-0efd185b0afc": 0.06027950769900444, "40377778-6013-478d-b90c-39d66303c09e": 0.050236972433657726, "959860ae-7c8e-4036-a9ca-fbaab2dc837e": 0.05429894971548208, "714f61f3-ae12-415c-b4af-7b8cac219852": 0.05448069674484779, "a0ba0949-5108-4eba-8c47-163506295a80": 0.04437819813917662}