{"9f7ef113-1a77-41bf-a28a-4c667f5c1c41": 0.07004599420721816, "3809122b-aa59-40ed-9fab-f976f0229f8b": 0.13343147528706858, "3e39271c-6b0b-4f71-86d1-97fab246ad01": 0.09965719632124434, "a7df7544-a63e-4e4f-afba-8e7c2395a607": 0.10126663137198669, "c37e1576-d21e-4300-8ebe-8a7ae7ab0433": 0.10827641788909526, "4839df05-b70f-4abd-84f0-39bf06ed53ab": 0.07707844015780273, "0be898e3-95d8-457c-bc48-ff34f5119a19": 0.09264163746085569, "3a689add-34ff-4103-83c8-7fb55ebb3ff1": 0.11972762662858191, "9ad16e12-7d8d-4fd8-a6b1-76b643bf517d": 0.11024578157613847, "c4353d94-6ce1-4f26-b2eb-91e5596e78b4": 0.08762879910000813}