{"3809122b-aa59-40ed-9fab-f976f0229f8b": 0.13343147528706858, "3a689add-34ff-4103-83c8-7fb55ebb3ff1": 0.11972762662858191}