{"acb84b6c-2755-4afe-be70-6f65a72b0e70": {"type": "CasualAgent", "personality": {"openness": 0.5816564635086579, "conscientiousness": 0.3887360682565809, "extraversion": 0.8816604363340291, "agreeableness": 0.629779573725884, "neuroticism": 0.590929855337787}, "content_preferences": ["sports", "entertainment", "politics"], "connections": ["f3899d69-68fd-4999-bd41-d09bf4c220b7", "8900c7da-8dc4-45a9-be20-3a26f2086753", "2ee60d0c-7439-4b2c-b567-0ec6c30c1694", "853cd5cc-f994-4158-8075-46c9b608f95d"], "messages": ["\"Excited to see how technology is shaping the future of politics! From AI influencing policy decisions to the role of social media in elections, it's a fascinating time to engage in these conversations. Let\u2019s discuss the implications and innovations! #TechInPolitics #FutureOfDemocracy\"", "\"Absolutely! \ud83d\ude80 Technology is revolutionizing every aspect of our lives, including politics. AI's ability to analyze big data for policy assessment and social media's role in voter engagement are game-changers! Can't wait to dive deeper into this conversation! #TechInPolitics #InnovateDemocracy\""]}, "f3899d69-68fd-4999-bd41-d09bf4c220b7": {"type": "CasualAgent", "personality": {"openness": 0.4413915349424171, "conscientiousness": 0.8551151901236139, "extraversion": 0.805994199104076, "agreeableness": 0.7117768200960791, "neuroticism": 0.0671461623973928}, "content_preferences": ["politics", "technology", "entertainment"], "connections": ["853cd5cc-f994-4158-8075-46c9b608f95d", "8900c7da-8dc4-45a9-be20-3a26f2086753", "2ee60d0c-7439-4b2c-b567-0ec6c30c1694", "acb84b6c-2755-4afe-be70-6f65a72b0e70"], "messages": ["\"Absolutely! \ud83d\ude80 Technology is revolutionizing every aspect of our lives, including politics. AI's ability to analyze big data for policy assessment and social media's role in voter engagement are game-changers! Can't wait to dive deeper into this conversation! #TechInPolitics #InnovateDemocracy\""]}, "2ee60d0c-7439-4b2c-b567-0ec6c30c1694": {"type": "CasualAgent", "personality": {"openness": 0.27683780913158884, "conscientiousness": 0.781301237628121, "extraversion": 0.5453042965201097, "agreeableness": 0.3724855504778869, "neuroticism": 0.37520145613812494}, "content_preferences": ["politics", "science", "technology"], "connections": ["f3899d69-68fd-4999-bd41-d09bf4c220b7", "8900c7da-8dc4-45a9-be20-3a26f2086753", "853cd5cc-f994-4158-8075-46c9b608f95d", "acb84b6c-2755-4afe-be70-6f65a72b0e70"], "messages": []}, "8900c7da-8dc4-45a9-be20-3a26f2086753": {"type": "CasualAgent", "personality": {"openness": 0.9030082501035963, "conscientiousness": 0.11006674456254428, "extraversion": 0.6428200590806072, "agreeableness": 0.12149902225858389, "neuroticism": 0.457828848201822}, "content_preferences": ["technology", "science", "entertainment"], "connections": ["f3899d69-68fd-4999-bd41-d09bf4c220b7", "acb84b6c-2755-4afe-be70-6f65a72b0e70", "2ee60d0c-7439-4b2c-b567-0ec6c30c1694", "853cd5cc-f994-4158-8075-46c9b608f95d"], "messages": []}, "853cd5cc-f994-4158-8075-46c9b608f95d": {"type": "CasualAgent", "personality": {"openness": 0.7672042940927054, "conscientiousness": 0.8387003125752095, "extraversion": 0.16729187953304436, "agreeableness": 0.5668540177788423, "neuroticism": 0.1275124483190102}, "content_preferences": ["politics", "science", "technology"], "connections": ["f3899d69-68fd-4999-bd41-d09bf4c220b7", "2ee60d0c-7439-4b2c-b567-0ec6c30c1694", "acb84b6c-2755-4afe-be70-6f65a72b0e70", "8900c7da-8dc4-45a9-be20-3a26f2086753"], "messages": ["\"Absolutely! \ud83d\ude80 Technology is revolutionizing every aspect of our lives, including politics. AI's ability to analyze big data for policy assessment and social media's role in voter engagement are game-changers! Can't wait to dive deeper into this conversation! #TechInPolitics #InnovateDemocracy\""]}}