{"e317581c-3dc4-4c09-bcf3-b7b451f06a44": 0.04195459699649573, "e8a24e48-3a00-4379-9a9e-3657c6158bcd": 0.04146387169240638, "c1a43660-8f5a-4a3f-af9d-1c62a6548fce": 0.038946222184814, "386130b1-65f9-4a5d-a55d-301f46e94862": 0.035878965261675014, "513f806d-a3c2-4ad4-be26-08a3fff9da38": 0.03126504491357743, "ecf80a82-5de5-443d-97f5-7f8c2da39175": 0.032085891873944276, "1f4ae5a1-4529-4dda-897c-8d0c8db6b525": 0.036818473693557806, "b7dd2329-4182-4aa7-8c1f-2b1fcf8de23f": 0.03558961730990174, "80395e52-9f3f-4629-aeb1-2aac6ee71e44": 0.03944107735442372, "ede3e54a-5637-48bf-81ae-2fff83b759e8": 0.0373237892404553, "02c34578-2825-4d66-b1b9-00504f3751bf": 0.03537387141371349, "96705dfb-adff-4f70-8619-3c6e157eb8bd": 0.03974529669415181, "6fdbe726-8ca8-41c3-bef7-74f55be9ba5b": 0.03622335331140379, "5847bcc9-91c3-453f-8f68-c10a46f1bff3": 0.035166258423261765, "abd721a7-5b50-4ef8-b6df-b4e09937d043": 0.040300674098497705, "2c14c9c5-f80c-48c3-b676-116f49e0c49a": 0.03100633284397464, "2d781ab2-3256-4f29-a672-b7f922537b72": 0.035183574211308875, "45c0200b-6218-4a96-bdcc-8451bc91afd2": 0.03954163468713557, "02815d02-1021-4b95-9c04-ee4a9fd89ee2": 0.038846718960466785, "15518a3f-7a8e-4919-ae8f-88e1e0aecde6": 0.03568828013379687, "50c997e5-eb4e-4444-932e-d22066a15b49": 0.04173229574328392, "4b628c9a-b3ea-49b5-bb6d-0517609400b4": 0.03537869850419229, "5f68e77a-d183-4e26-ab1d-6d52f75af417": 0.035491658204624514, "033e25e0-8314-40fa-808e-d4ce9e203ae6": 0.03223254529310686, "fa5a50b2-86b6-429c-a517-2e63f72fda20": 0.03788202721741042, "e0a5c2d1-6956-442a-a364-e4ff8ccfc450": 0.03047938664568918, "b4341276-59a1-4164-b907-1f106810dadc": 0.027427684211690184, "c8091f26-be5e-454b-a718-9ef402754f3e": 0.02153215888103982}