{"2f56f929-a15e-4372-bd4f-18ff3c1522a4": 0.13299311455706425, "3a96be19-6e0a-4115-807d-8452a32296aa": 0.08248201643169202, "5640886f-b7a4-4dc1-b25c-33571d4fc170": 0.08308687331890437, "1ed4178e-1ad8-4322-a68c-4b108a2f4c51": 0.09485416142435552, "c1379c75-7b39-4625-8be2-6a8fdf6f6832": 0.10088869649143045, "11905fc4-8e18-43c8-9977-b079fa6df209": 0.11339474575825198, "af3cfa90-f189-4f85-9e5a-a7e65ff62143": 0.10965707069630069, "5b843732-c0ee-4d72-b6a5-2afab980f6cd": 0.11826344310439736, "3c16dcad-2bfb-49ba-9c72-57a3cbc69bd6": 0.08598555230236134, "e5449be4-93e4-4ace-8f35-10d1d84ff630": 0.07839432591524179}