{"2f56f929-a15e-4372-bd4f-18ff3c1522a4": 0.13299311455706425, "5b843732-c0ee-4d72-b6a5-2afab980f6cd": 0.11826344310439736}