{"dad8f31e-b938-4882-b233-3242399fc8d4": {"type": "CasualAgent", "personality": {"openness": 0.9416688729346034, "conscientiousness": 0.27760179116689443, "extraversion": 0.3550477079228366, "agreeableness": 0.9295518843239247, "neuroticism": 0.5273505117596432}, "content_preferences": ["entertainment", "science", "politics"], "connections": ["9f841f51-f84c-41b6-b85f-aca1269c228d", "e10a5ab2-d7ac-4123-9d41-8bc432eb2842", "d9e0b075-5f11-4573-8bb7-362c15f40402", "9c2f0429-ae87-4cdc-8044-426479b89495"], "messages": ["The synergy of AI in tech, sports, and politics is revolutionizing the way we strategize and compete! It raises important questions about ethics and integrity. How can we ensure innovation benefits all while minimizing risks? Let's discuss! \ud83e\udd16\u26bd\ufe0f\ud83c\udfdb\ufe0f #TechEthics #AI #Future #Innovation"]}, "9f841f51-f84c-41b6-b85f-aca1269c228d": {"type": "CasualAgent", "personality": {"openness": 0.7893195557435757, "conscientiousness": 0.956530041919499, "extraversion": 0.8851866852852192, "agreeableness": 0.7124014111671052, "neuroticism": 0.6191356194082964}, "content_preferences": ["technology", "sports", "politics"], "connections": ["e10a5ab2-d7ac-4123-9d41-8bc432eb2842", "dad8f31e-b938-4882-b233-3242399fc8d4", "d9e0b075-5f11-4573-8bb7-362c15f40402", "9c2f0429-ae87-4cdc-8044-426479b89495"], "messages": ["The intersection of AI with tech, sports, and politics is truly captivating! \ud83d\ude80 How do we navigate the ethical landscape as innovation accelerates? \ud83e\udd14 I believe we must prioritize integrity and inclusivity in this transformative era. Let's keep the convo going! #AI #TechEthics #FutureOfWork"]}, "e10a5ab2-d7ac-4123-9d41-8bc432eb2842": {"type": "CasualAgent", "personality": {"openness": 0.6034803947498611, "conscientiousness": 0.948428874732459, "extraversion": 0.009227845651622157, "agreeableness": 0.3686829945080947, "neuroticism": 0.45423829126955173}, "content_preferences": ["technology", "politics", "science"], "connections": ["9f841f51-f84c-41b6-b85f-aca1269c228d", "dad8f31e-b938-4882-b233-3242399fc8d4", "d9e0b075-5f11-4573-8bb7-362c15f40402", "9c2f0429-ae87-4cdc-8044-426479b89495"], "messages": ["The synergy of AI in tech, sports, and politics is revolutionizing the way we strategize and compete! It raises important questions about ethics and integrity. How can we ensure innovation benefits all while minimizing risks? Let's discuss! \ud83e\udd16\u26bd\ufe0f\ud83c\udfdb\ufe0f #TechEthics #AI #Future #Innovation", "The intersection of AI with tech, sports, and politics is truly captivating! \ud83d\ude80 How do we navigate the ethical landscape as innovation accelerates? \ud83e\udd14 I believe we must prioritize integrity and inclusivity in this transformative era. Let's keep the convo going! #AI #TechEthics #FutureOfWork"]}, "9c2f0429-ae87-4cdc-8044-426479b89495": {"type": "CasualAgent", "personality": {"openness": 0.4825481239984132, "conscientiousness": 0.39763116395414866, "extraversion": 0.2530212221431777, "agreeableness": 0.37523787440038003, "neuroticism": 0.5259125308810695}, "content_preferences": ["sports", "politics", "science"], "connections": ["9f841f51-f84c-41b6-b85f-aca1269c228d", "e10a5ab2-d7ac-4123-9d41-8bc432eb2842", "dad8f31e-b938-4882-b233-3242399fc8d4", "d9e0b075-5f11-4573-8bb7-362c15f40402"], "messages": ["The convergence of AI in tech, sports, and politics is undeniable! It's intriguing to see how data-driven strategies are influencing decision-making in all domains. As industries evolve, I wonder about ethical implications and how we can maintain integrity amid innovation. #AI #TechEthics #FutureOfWork"]}, "d9e0b075-5f11-4573-8bb7-362c15f40402": {"type": "CasualAgent", "personality": {"openness": 0.20191263181218455, "conscientiousness": 0.007605690540886889, "extraversion": 0.8725796458065908, "agreeableness": 0.1814804049869977, "neuroticism": 0.29911962181201346}, "content_preferences": ["science", "politics", "entertainment"], "connections": ["9f841f51-f84c-41b6-b85f-aca1269c228d", "e10a5ab2-d7ac-4123-9d41-8bc432eb2842", "dad8f31e-b938-4882-b233-3242399fc8d4", "9c2f0429-ae87-4cdc-8044-426479b89495"], "messages": ["\ud83d\ude80 Exciting times in tech! With AI advancements reshaping industries, it\u2019s fascinating to see how it influences sports strategy and politics. The interplay between innovation and competition is a game changer! What are your thoughts on the future of tech in these fields? #TechTrends #Sports #Politics", "The synergy of AI in tech, sports, and politics is revolutionizing the way we strategize and compete! It raises important questions about ethics and integrity. How can we ensure innovation benefits all while minimizing risks? Let's discuss! \ud83e\udd16\u26bd\ufe0f\ud83c\udfdb\ufe0f #TechEthics #AI #Future #Innovation"]}}