{"75339806-9df1-4168-b723-7077fbf36509": 0.04258531525544333, "16bc1008-751a-4e69-ae71-3e0eb5786c38": 0.031685543374234904, "fcd8ae57-f0a1-4701-b69b-70529c678469": 0.04696371878782478, "ded7fa8d-b654-4ddc-b27a-4b681bebfd2b": 0.04545614467365332, "d3146be3-f16c-4cf0-9630-825f5cb2db41": 0.02764588775015875, "a5f1e4ab-f9c1-483a-b9e0-875dd340c87f": 0.030209897261934834, "f44f457b-75f3-44d0-af49-986499e9515a": 0.03612961798952459, "264f9e97-f160-4d41-a29d-79b8477e392e": 0.030523306895718694, "510295e8-cb57-4f61-a36e-793087b8569c": 0.05370646046348264, "9d6edb34-cc13-42cf-8f78-99a0ecac6b7d": 0.03552945113126013, "51227b3d-ae91-43d8-9c0b-a8d0edbb212a": 0.03491253835858987, "ded30d4c-3cd9-4afa-ba75-4f299c1a99aa": 0.03867435946140206, "ce836839-b011-4d6a-a7c7-ac3cdfa4cd9c": 0.028950896850511394, "b4885253-9dfb-4f5f-80ea-8b8c3513398e": 0.04235557098935591, "682fa04f-8a6d-46b5-a28f-d9417f85933c": 0.028539143715065465, "cbdce5ec-08f1-4ff2-9252-f91da6fbd250": 0.04227252275676795, "b48cbfaf-d21c-4697-96b9-517e2ca4a3ee": 0.03799739316418417, "ee65127e-c1f2-4ae4-a9d5-947ab1d580d2": 0.03664551556337943, "2d7ade65-293a-4e13-be89-e33a60255323": 0.025410276097281928, "9b9d047a-b64f-441f-870c-aae14512344c": 0.036815109146820194, "56110054-0398-49b7-a716-079ad640f8dd": 0.030174739332642343, "e1b6ede9-0942-421c-88c5-e20720ff1433": 0.04174766270859877, "03720a97-7085-41bd-9cd0-6426217ebdab": 0.03320800833990023, "93aea358-c59c-4ece-9700-3c44c21fcaaa": 0.045594785288404424}