{"75339806-9df1-4168-b723-7077fbf36509": 0.032237443771580124, "16bc1008-751a-4e69-ae71-3e0eb5786c38": 0.0436329651029312, "fcd8ae57-f0a1-4701-b69b-70529c678469": 0.02789216940315583, "ded7fa8d-b654-4ddc-b27a-4b681bebfd2b": 0.029258410808398777, "d3146be3-f16c-4cf0-9630-825f5cb2db41": 0.03716955214900096, "a5f1e4ab-f9c1-483a-b9e0-875dd340c87f": 0.03384935852018214, "f44f457b-75f3-44d0-af49-986499e9515a": 0.02635772924087019, "37e35a0c-7195-470a-b354-eaac1076c71d": 0.04001517075555254, "264f9e97-f160-4d41-a29d-79b8477e392e": 0.030877410146862926, "510295e8-cb57-4f61-a36e-793087b8569c": 0.04459588798493992, "9d6edb34-cc13-42cf-8f78-99a0ecac6b7d": 0.04429133467809607, "51227b3d-ae91-43d8-9c0b-a8d0edbb212a": 0.03022528932272548, "ded30d4c-3cd9-4afa-ba75-4f299c1a99aa": 0.04272167028175505, "ce836839-b011-4d6a-a7c7-ac3cdfa4cd9c": 0.031177857609738402, "1d5e27b8-4691-4590-89f6-ce644564d40f": 0.03178747260195032, "b4885253-9dfb-4f5f-80ea-8b8c3513398e": 0.03465884642912606, "7cb4901d-013d-4365-9e4b-777521a4dd71": 0.02651614402713649, "682fa04f-8a6d-46b5-a28f-d9417f85933c": 0.0313449385184512, "cbdce5ec-08f1-4ff2-9252-f91da6fbd250": 0.03863780805655831, "cd3557d2-ec09-463f-b185-4b74994962ae": 0.03086742866337869, "b48cbfaf-d21c-4697-96b9-517e2ca4a3ee": 0.0346645018078105, "ee65127e-c1f2-4ae4-a9d5-947ab1d580d2": 0.029378484619567182, "c695e780-d37f-4e75-9493-046599963c1e": 0.030734706507162993, "2d7ade65-293a-4e13-be89-e33a60255323": 0.029032680245912424, "9b9d047a-b64f-441f-870c-aae14512344c": 0.02868604767954019, "56110054-0398-49b7-a716-079ad640f8dd": 0.03633011815142184, "e1b6ede9-0942-421c-88c5-e20720ff1433": 0.03702947518040198, "03720a97-7085-41bd-9cd0-6426217ebdab": 0.02659352571033117, "49d3ecf9-cd47-482a-89f6-998cab1a0447": 0.02435866884496115, "93aea358-c59c-4ece-9700-3c44c21fcaaa": 0.03507690318049972}