{"5ece8f6c-176a-48f2-980d-768082363e1c": 0.09398424473960694, "2cd63eaf-daa6-45d6-85d2-f1ec4e4e558c": 0.0795227512707213, "a460a742-b6aa-425d-9666-8a16df1587f5": 0.09100015734952846, "7c6df670-4029-49e5-b73a-e89f96a47ce2": 0.10948901278707632, "b7193566-da85-447f-886a-d6ec2739edf8": 0.09925632953490057, "48cb9ebb-cbab-4741-a45a-5e43c642b1e3": 0.12175876437319931, "333d2aca-0437-4b14-bfb5-47f12e59fb37": 0.08847857315198049, "67fbb86b-4687-43c3-b5e6-c72fdf0f47c0": 0.08091048535513215, "aa1fac89-7347-42c6-adc5-3b45f4f687bd": 0.13565624079751895, "bbb1e43e-6a3d-448b-a9b5-478b5158c347": 0.09994344064033531}