{"75339806-9df1-4168-b723-7077fbf36509": 0.034469765030062466, "16bc1008-751a-4e69-ae71-3e0eb5786c38": 0.04027871657690334, "fcd8ae57-f0a1-4701-b69b-70529c678469": 0.04028830545500525, "ded7fa8d-b654-4ddc-b27a-4b681bebfd2b": 0.03942768179441432, "d3146be3-f16c-4cf0-9630-825f5cb2db41": 0.030367432032297012, "a5f1e4ab-f9c1-483a-b9e0-875dd340c87f": 0.03509242024402637, "f44f457b-75f3-44d0-af49-986499e9515a": 0.03289054829947738, "37e35a0c-7195-470a-b354-eaac1076c71d": 0.03372048187547239, "264f9e97-f160-4d41-a29d-79b8477e392e": 0.03274097364568905, "510295e8-cb57-4f61-a36e-793087b8569c": 0.046376193287393994, "9d6edb34-cc13-42cf-8f78-99a0ecac6b7d": 0.03949801378917418, "51227b3d-ae91-43d8-9c0b-a8d0edbb212a": 0.03351573207818218, "ded30d4c-3cd9-4afa-ba75-4f299c1a99aa": 0.03740465121599512, "ce836839-b011-4d6a-a7c7-ac3cdfa4cd9c": 0.037762328973482084, "1d5e27b8-4691-4590-89f6-ce644564d40f": 0.028856059205666702, "b4885253-9dfb-4f5f-80ea-8b8c3513398e": 0.03288071942475643, "682fa04f-8a6d-46b5-a28f-d9417f85933c": 0.03427146068898278, "cbdce5ec-08f1-4ff2-9252-f91da6fbd250": 0.04305960087658593, "cd3557d2-ec09-463f-b185-4b74994962ae": 0.028619478553488877, "b48cbfaf-d21c-4697-96b9-517e2ca4a3ee": 0.0408392718252438, "ee65127e-c1f2-4ae4-a9d5-947ab1d580d2": 0.03056392769999908, "2d7ade65-293a-4e13-be89-e33a60255323": 0.025900876949026572, "9b9d047a-b64f-441f-870c-aae14512344c": 0.029997018742403913, "56110054-0398-49b7-a716-079ad640f8dd": 0.03796359292198277, "e1b6ede9-0942-421c-88c5-e20720ff1433": 0.037449659656522194, "03720a97-7085-41bd-9cd0-6426217ebdab": 0.025487821092451846, "93aea358-c59c-4ece-9700-3c44c21fcaaa": 0.030159201472901104}