{"e317581c-3dc4-4c09-bcf3-b7b451f06a44": 0.03756107414749544, "e8a24e48-3a00-4379-9a9e-3657c6158bcd": 0.041826093646314975, "c1a43660-8f5a-4a3f-af9d-1c62a6548fce": 0.044960758349088095, "386130b1-65f9-4a5d-a55d-301f46e94862": 0.035104789916978706, "513f806d-a3c2-4ad4-be26-08a3fff9da38": 0.03642107915502272, "ecf80a82-5de5-443d-97f5-7f8c2da39175": 0.057611381157273246, "1f4ae5a1-4529-4dda-897c-8d0c8db6b525": 0.04219306315221217, "b7dd2329-4182-4aa7-8c1f-2b1fcf8de23f": 0.03556316914980682, "80395e52-9f3f-4629-aeb1-2aac6ee71e44": 0.03791548233098466, "ede3e54a-5637-48bf-81ae-2fff83b759e8": 0.04227138420052315, "02c34578-2825-4d66-b1b9-00504f3751bf": 0.04068347934605924, "96705dfb-adff-4f70-8619-3c6e157eb8bd": 0.05202023153882567, "6fdbe726-8ca8-41c3-bef7-74f55be9ba5b": 0.04568529954593565, "5847bcc9-91c3-453f-8f68-c10a46f1bff3": 0.048661641619573745, "abd721a7-5b50-4ef8-b6df-b4e09937d043": 0.05008250721867135, "2c14c9c5-f80c-48c3-b676-116f49e0c49a": 0.050969952381497804, "2d781ab2-3256-4f29-a672-b7f922537b72": 0.043130688021416584, "45c0200b-6218-4a96-bdcc-8451bc91afd2": 0.04064134910561607, "02815d02-1021-4b95-9c04-ee4a9fd89ee2": 0.03967574812631894, "15518a3f-7a8e-4919-ae8f-88e1e0aecde6": 0.03282280740429852, "50c997e5-eb4e-4444-932e-d22066a15b49": 0.05233284650605206, "4b628c9a-b3ea-49b5-bb6d-0517609400b4": 0.03632121193477769, "5f68e77a-d183-4e26-ab1d-6d52f75af417": 0.03313761806061752}