{"e317581c-3dc4-4c09-bcf3-b7b451f06a44": 0.045047584317212556, "e8a24e48-3a00-4379-9a9e-3657c6158bcd": 0.04004502250332853, "c1a43660-8f5a-4a3f-af9d-1c62a6548fce": 0.05096225478147433, "386130b1-65f9-4a5d-a55d-301f46e94862": 0.043054962114443325, "513f806d-a3c2-4ad4-be26-08a3fff9da38": 0.04025972632816228, "ecf80a82-5de5-443d-97f5-7f8c2da39175": 0.04919325940231988, "1f4ae5a1-4529-4dda-897c-8d0c8db6b525": 0.033357707359299216, "b7dd2329-4182-4aa7-8c1f-2b1fcf8de23f": 0.036971303164098565, "80395e52-9f3f-4629-aeb1-2aac6ee71e44": 0.036167183299812035, "ede3e54a-5637-48bf-81ae-2fff83b759e8": 0.03967228118145877, "02c34578-2825-4d66-b1b9-00504f3751bf": 0.03273175883103289, "96705dfb-adff-4f70-8619-3c6e157eb8bd": 0.04557410176100053, "6fdbe726-8ca8-41c3-bef7-74f55be9ba5b": 0.03998206193115871, "5847bcc9-91c3-453f-8f68-c10a46f1bff3": 0.0437173312078686, "abd721a7-5b50-4ef8-b6df-b4e09937d043": 0.04924615426951064, "2c14c9c5-f80c-48c3-b676-116f49e0c49a": 0.04102433182455223, "2d781ab2-3256-4f29-a672-b7f922537b72": 0.04366148145900004, "45c0200b-6218-4a96-bdcc-8451bc91afd2": 0.04098941748395395, "02815d02-1021-4b95-9c04-ee4a9fd89ee2": 0.037544181044270576, "15518a3f-7a8e-4919-ae8f-88e1e0aecde6": 0.0250789665712844, "50c997e5-eb4e-4444-932e-d22066a15b49": 0.048425723401924935, "4b628c9a-b3ea-49b5-bb6d-0517609400b4": 0.03859255908562707, "5f68e77a-d183-4e26-ab1d-6d52f75af417": 0.04101220708974809, "033e25e0-8314-40fa-808e-d4ce9e203ae6": 0.03052766152506714, "fa5a50b2-86b6-429c-a517-2e63f72fda20": 0.027160778062390468}